SEP=,
Artist,Title,IsDuet,HasCoverImage,HasBackgroundImage,HasVideo
3 Doors Down,It's Not My Time,false,true,true,true
3 Doors Down,Loser,false,true,true,true
3 Doors Down,When I'm gone,false,true,true,true
5 Seconds of Summer,Amnesia,false,true,true,true
A Day To Remember,If It Means A Lot To You (Duet),true,true,true,true
a-ha,Take on me,false,true,true,true
ABBA,Chiquitita,false,true,true,true
ABBA,Dancing Queen,false,true,true,true
ABBA,Does Your Mother Know?,false,true,true,true
ABBA,Felicidad,false,true,true,true
ABBA,Fernando,false,true,true,true
ABBA,Gimme Gimme Gimme,false,true,true,true
ABBA,"Honey, Honey",false,true,true,true
ABBA,"I Do, I Do, I Do, I Do",false,true,true,true
ABBA,I Have A Dream,false,true,true,true
ABBA,"Knowing Me, Knowing You",false,true,true,true
ABBA,Mamma Mia,false,true,true,true
ABBA,Money Money Money,false,true,true,true
ABBA,One Of Us,false,true,true,true
ABBA,Ring Ring,false,true,true,true
ABBA,S.O.S.,false,true,true,true
ABBA,Summer Night City,false,true,true,true
ABBA,Super Trouper,false,true,true,true
ABBA,Take A Chance On Me,false,true,true,true
ABBA,Thank You For The Music,false,true,true,true
ABBA,That's Me,false,true,true,true
ABBA,The Name Of The Game,false,true,true,true
ABBA,The Winner Takes It All,false,true,true,true
ABBA,Voulez-Vous,false,true,true,true
ABBA,Waterloo,false,true,true,true
AC/DC,Back in Black (Live),false,true,true,true
AC/DC,Hells Bells,false,true,true,true
AC/DC,Highway to Hell (Live),false,true,true,true
AC/DC,T.N.T.,false,true,true,true
AC/DC,Thunderstruck (Live),false,true,true,true
Adele,Chasing Pavements,false,true,true,true
Adele,Easy On Me,false,true,true,true
Adele,Hello,false,true,true,true
Adele,Rolling in the Deep,false,true,true,true
Adele,Rumour Has It,false,true,true,true
Adele,Set Fire To The Rain,false,true,true,true
Adele,Skyfall,false,true,true,true
Adele,Someone Like You,false,true,true,true
Aerosmith,Amazing,false,true,true,true
Aerosmith,Fly Away From Here,false,true,true,true
Aerosmith,I don't want to miss a thing,false,true,true,true
Afrojack & Wrabel,Ten Feet Tall,false,true,true,true
Against The Current,that won't save us,false,true,true,true
Against The Current,Young & Relentless,false,true,true,true
Against The Current ft. LEC,Wildfire,false,true,true,true
Aladdin,A Whole New World,false,true,true,true
Alan Walker & Ava Max,"Alone, Pt. II",false,true,true,true
Alan Walker,Alone,false,true,true,true
Alan Walker,Faded,false,true,true,true
Alessia Cara,How Far I'll Go,false,true,true,true
"Alesso, Katy Perry",When I'm Gone,false,true,true,true
Alesso feat. Tove Lo,Heroes (We Could Be),false,true,true,true
Alice Cooper,Poison,false,true,true,true
Alicia Keys,Fallin',false,true,true,true
Alicia Keys,No one,false,true,true,true
Alicia Keys,Try Sleeping With A Broken Heart,false,true,true,true
All Time Low feat. Demi Lovato & Blackbear,Monsters,false,true,true,true
American Authors,Best Day Of My Life,false,true,true,true
Amy Winehouse,Back To Black,false,true,true,true
Amy Winehouse,Rehab,false,true,true,true
Andre Hazes Jr.,Leef,false,true,true,true
Andre Van Duin,Er Staat Een Paard In De Gang,false,true,true,true
Anna Kendrick,Cups,false,true,true,true
Anne-Marie & Little Mix,Kiss My (Uh Oh),false,true,true,true
Anne-Marie & Niall Horan,Our Song,false,true,true,true
Anne-Marie,2002,false,true,true,true
Anne-Marie,Ciao Adios,false,true,true,true
Anubis,Het Geheim,false,true,true,true
Anubis,Het Huis Anubis,false,true,true,true
Anubis,Het Pad Der Zeven Zonden,false,true,true,true
Aqua,Barbie Girl,false,true,true,true
Ariana Grande & Justin Bieber,Stuck with U,false,true,true,true
"Ariana Grande, Miley Cyrus, Lana Del Rey",Don't call me angel,false,true,true,true
Ariana Grande & The Weeknd,Love Me Harder,false,true,true,true
Ariana Grande,7 rings,false,true,true,true
Ariana Grande,Focus,false,true,true,true
Ariana Grande,No Tears Left To Cry,false,true,true,true
Ariana Grande,One Last Time,false,true,true,true
Ariana Grande,"Thank u, next",false,true,true,true
Ariana Grande feat. Mac Miller,The Way,false,true,true,true
Ariana Grande feat. Nicki Minaj,Side To Side,false,true,true,true
Ariana Grande feat. Zedd,Break Free,false,true,true,true
"Ariana Grande, Social House",boyfriend,false,true,true,true
Ava Max,Kings & Queens,false,true,true,true
Ava Max,My Head & My Heart,false,true,true,true
Ava Max,So Am I,false,true,true,true
Ava Max,Sweet But Psycho,false,true,true,true
Ava Max,Who's Laughing Now,false,true,true,true
Avicii,Hey Brother,false,true,true,true
Avicii,The Nights,false,true,true,true
Avicii,Waiting For Love,false,true,true,true
Avicii,Wake Me Up,false,true,true,true
Avril Lavigne,Bite Me,false,true,true,true
Avril Lavigne,Complicated,false,true,true,true
Avril Lavigne,Girlfriend,false,true,true,true
Avril Lavigne,I'm With You,false,true,true,true
Avril Lavigne,Sk8er Boi,false,true,true,true
Avril Lavigne,Smile,false,true,true,true
Avril Lavigne,What The Hell,false,true,true,true
Avril Lavigne,When Youre Gone,false,true,true,true
Avril Lavigne,Wish You Were Here,false,true,true,true
B.o.B Feat. Bruno Mars,Nothin' on you (Duet),true,true,true,true
B.o.B Feat. Bruno Mars,Nothin' on you,false,true,true,true
B.o.B feat. Hayley Williams,Airplanes,false,true,true,true
Backstreet Boys,As Long As You Love Me,false,true,true,true
Backstreet Boys,Everybody (Backstreet's Back),false,true,true,true
Backstreet Boys,I Want It That Way,false,true,false,false
Banners,Someone To You,false,true,true,true
Bart Kaell,Zeil je voor het eerst,false,true,true,true
Bart Van Den Bossche,De Heuveltjes Van Erika,false,true,true,true
Bastille,Pompeii,false,true,true,true
Bebe Rexha,I'm a Mess,false,true,true,true
Bebe Rexha,Last Hurrah,false,true,true,true
Bebe Rexha,Sacrifice,false,true,true,true
Becky G ft. Natti Natasha,Sin pijama,true,true,true,true
Becky G ft. Natti Natasha,Sin pijama,false,true,true,true
"Bell, Menzel, Gad, Groff",Some Things Never Change,false,true,true,true
Benny Blanco & Halsey & Khalid,Eastside,false,true,true,true
Beyonce,Halo,false,true,true,true
Beyonce,Listen,false,true,true,true
Beyonce,Single ladies (Put a ring on it),false,true,true,true
Billie Eilish,Bad Guy,false,true,true,true
Billie Eilish,bury a friend,false,true,true,true
Billie Eilish,Ocean Eyes,false,true,true,true
Billie Eilish,when the party's over,false,true,true,true
Billy Joel,Piano Man,false,true,true,true
Birdy,Skinny Love,false,true,true,true
Black Eyed Peas,I Gotta Feeling,false,true,true,true
Blof,Zoutelande,false,true,true,true
Blondie,One Way or Another,false,true,true,true
Bob Marley & the Wailers,Redemption Song,false,true,true,true
Bob Marley,No Woman No Cry,false,true,true,true
Bon Jovi,It's my life,false,true,true,true
Bon Jovi,Keep the Faith,false,true,true,true
Bon Jovi,Livin' on a prayer,false,true,true,true
Bon Jovi,You Give Love A Bad Name,false,true,true,true
Britney Spears,Baby One More Time,false,true,true,true
Britney Spears,Oops! I did it again,false,true,true,true
Bruno Mars,24k Magic,false,true,true,true
Bruno Mars,Grenade,false,true,true,true
Bruno Mars,Just the Way You Are,false,true,true,true
Bruno Mars,Locked Out Of Heaven,false,true,true,true
Bruno Mars,Marry you,false,true,true,true
Bruno Mars,The Lazy Song,false,true,true,true
Bruno Mars,When I Was Your Man,false,true,true,true
BTS,Dynamite,false,true,true,true
Calvin Harris & Dua Lipa,One Kiss,false,true,true,true
Calvin Harris feat. Ellie Goulding,I Need Your Love,false,true,true,true
Calvin Harris feat. Rihanna,This Is What You Came For,false,true,true,true
Carly Rae Jepsen,Call Me Maybe,false,true,true,true
Carly Rae Jepsen,I Really Like You,false,true,true,true
Carly Rae Jepsen,This Kiss,false,true,true,true
Cascada,Everytime We Touch,false,true,true,true
Celine Dion,My Heart Will Go On,false,true,true,true
Charli XCX,Boom Clap - Soundtrack The Fault In Our Stars,false,true,true,true
Charli XCX,Break The Rules,false,true,true,true
Charli XCX,Good Ones,false,true,true,true
Charlie Puth,One Call Away,false,true,true,true
Charlie Puth feat. Meghan Trainor,Marvin Gaye,false,true,true,true
Chvrches,Forever,false,true,true,true
CHVRCHES,He Said She Said,false,true,true,true
Clean Bandit feat. Jess Glynne,Rather Be,false,true,true,true
Clean Bandit feat. Sean Paul & Anne-Marie,Rockabye,false,true,true,true
Clean Bandit Ft. Zara Larsson,Symphony,false,true,true,true
Clouseau,Anne,false,true,true,true
Clouseau,Daar Gaat Ze,false,true,true,true
Clouseau,Domino,false,true,true,true
Clouseau,Nobelprijs,false,true,true,true
Coldplay,A Sky Full of Stars,false,true,true,true
Coldplay,Fix You,false,true,true,true
Coldplay,Higher Power,false,true,true,true
Coldplay,In My Place,false,true,true,true
Coldplay,Speed Of Sound,false,true,true,true
Coldplay,The Scientist,false,true,true,true
Coldplay,Viva la vida,false,true,true,true
Coldplay,Yellow,false,true,true,true
Coldplay X Selena Gomez,Let Somebody Go,false,true,true,true
Concrete Castles,Half Awake,false,true,true,true
Daft Punk,Get Lucky,false,true,true,true
Daft Punk,One More Time,false,true,true,true
Damien Rice,9 Crimes,false,true,true,true
David Guetta & Showtek feat. Vassy,Bad,false,true,true,true
David Guetta & Sia,Flames,false,true,true,true
David Guetta & Sia,Titanium,false,true,true,true
David Guetta feat. Chris Willis,Love Is Gone,false,true,true,true
David Guetta feat. Justin Bieber,2U,false,true,true,true
David Guetta feat. Kelly Rowland,When Love Takes Over,false,true,true,true
David Guetta feat. Ne-Yo & Akon,Play Hard,false,true,true,true
David Guetta feat. Sia,Titanium,false,true,true,true
David Guetta feat. Usher,Without You,false,true,true,true
David Guetta ft. Flo Rida & Nicki Minaj,Where Them Girls At?,false,true,true,true
David Guetta ft. Kelly Rowland,When love takes over,false,true,true,true
David Guetta Ft. Nicki Minaj & Afrojack,Hey Mama,false,true,true,true
David Guetta Ft. Sia,Let's Love,false,true,true,true
De Kleine Zeemeermin,Diep In De Zee,false,true,true,true
De Leeuwenkoning,De kringloop van het leven,false,true,true,true
De leeuwenkoning,Hakuna matata,false,true,true,true
De Leeuwenkoning,Wacht Maar Tot Ik Koning Ben,false,true,true,true
Demi Lovato & Joe Jonas,This Is Me,false,true,true,true
Demi Lovato,Give Your Heart A Break,false,true,true,true
Demi Lovato,Heart Attack,false,true,true,true
Demi Lovato,Skyscraper,false,true,true,true
Dermot Kennedy,Giants,false,true,true,true
Dermot Kennedy,Outnumbered,false,true,true,true
"Descendants - Dove Cameron, Sofia Carson",Space Between,false,true,true,true
Descendants 2,You and Me,false,true,true,true
Disney - Aladdin,Een nieuw Begin (Aladdin),false,true,true,true
Disney,Be Prepared,false,true,true,true
Disney,Friends on the Other Side,false,true,true,true
Disney,Heaven's Light/Hellfire,false,true,true,true
Disney,I Won't Say (I'm in Love),false,true,true,true
Disney's Frozen,For the first time in forever,false,true,true,true
Disneys Frozen,Do You Wanna Build a Snowman,false,true,true,true
Disneys Frozen,Let It Go,false,true,true,true
Disneys Frozen,Love Is an Open Door,false,true,true,true
Disneys Hercules,Go the Distance,false,true,true,true
Disneys Mulan,Honor To Us All,false,true,true,true
Disneys Pocahontas,Colours Of The Wind,false,true,true,true
Disneys Tangled,I See the Light,false,true,true,true
Disneys Tangled,I've Got a Dream,false,true,true,true
Dj Snake feat. Justin Bieber,Let Me Love You,false,true,true,true
Don Omar & Lucenzo,Danza Kuduro,false,true,true,true
Drake feat. Wizkid & Kyla,One Dance,false,true,true,true
Dua Lipa & Angcle,Fever,false,true,true,true
Dua Lipa,Break My Heart,false,true,true,true
Dua Lipa,Don't Start Now,false,true,true,true
Dua Lipa,New Rules,false,true,true,true
Dua Lipa Ft. Da Baby,Levitating,false,true,true,true
Ed Sheeran,Bad habits,false,true,true,true
Ed Sheeran,Galway Girl,false,true,true,true
Ed Sheeran,I See Fire,false,true,true,true
Ed Sheeran,Lego House,false,true,true,true
Ed Sheeran,Photograph,false,true,true,true
Ed Sheeran,Shape Of You [VIDEO],false,true,true,true
Ed Sheeran,The A Team,false,true,true,true
Ed Sheeran,Thinking Out Loud,false,true,true,true
Ed Sheeran feat. Justin Bieber,I Don't Care,false,true,true,true
Ed Sheeran feat. Taylor Swift,The Joker and the Queen,false,true,true,true
Ed Sheeran ft. Khalid,Beautiful People,false,true,true,true
Ellie Goulding,Burn,false,true,true,true
Ellie Goulding,Love Me Like You Do,false,true,true,true
Ellie Goulding,On My Mind,false,true,true,true
Ellie Goulding,Something In The Way You Move,false,true,true,true
"Elton John, Dua Lipa",Cold Heart,false,true,true,true
Eminem,Lose Yourself,false,true,true,true
Eminem feat Rihanna,Love The Way You Lie,false,true,true,true
Eminem feat. Rihanna,The Monster,false,true,true,true
Enrique Iglesias feat. Pitbull,I Like It,false,true,true,true
Enrique Iglesias feat. Wisin,Duele El Corazon,false,true,true,true
Eurythmics,Sweet Dreams,false,true,true,true
Evanescence,Bring Me to Life,true,true,true,true
Evanescence,Bring Me to Life,false,true,true,true
Evanescence,My Immortal (Band Version),false,true,true,true
Evanescence,My Inmortal,false,true,true,true
Fall Out Boy,Thnks Fr Th Mmrs,false,true,true,true
Feest Dj Maarten,Mama Laudaaa,false,true,true,true
Fergie,Big Girls Don't Cry,false,true,true,true
Fifth Harmony,Sledgehammer,false,true,true,true
Fifth Harmony feat. Kid Ink,Worth It,false,true,true,true
Fifth Harmony feat. Ty Dolla $ign,Work From Home,false,true,true,true
Flo Rida,Good Feeling,false,true,true,true
Flo Rida,Whistle,false,true,true,true
Flo Rida feat. Sia,Wild Ones,false,true,true,true
Foo Fighters,Everlong,false,true,true,true
Foreigner,Cold as Ice,false,true,true,true
Frank Sinatra,My Way,false,true,true,true
Frans Bauer,Heb je Even Voor Mij,false,true,true,true
"Galantis, David Guetta & Little Mix",Heartbreak Anthem,false,true,true,true
George Ezra,Budapest,false,true,true,true
George Ezra,Shotgun,false,true,true,true
Gerard Cox,'t Is weer voorbij die mooie zomer,false,true,true,true
Gers Pardoel,Ik neem je mee,false,true,true,true
Glass Animals,Heat Waves,false,true,true,true
Goo Goo Dolls,Iris,false,true,true,true
Gorillaz,Feel Good Inc.,false,true,true,true
Gotye feat. Kimbra,Somebody That I Used To Know,false,true,true,true
Grease (John Travolta & Olivia Newton-John),Summer Nights,false,true,true,true
Grease (John Travolta & Olivia Newton-John),You're the One that I Want,true,true,true,true
Grease (John Travolta & Olivia Newton-John),You're the One that I Want,false,true,true,true
Green Day,21 guns,false,true,true,true
Green Day,Basket Case,false,true,true,true
Green Day,Boulevard of Broken Dreams,false,true,true,true
Green Day,Holiday,false,true,true,true
Green Day,Wake Me Up When September Ends,false,true,true,true
Guns N' Roses,Knocking On Heavens Door,false,true,true,true
Guns N' Roses,November rain,false,true,true,true
Guns N' Roses,Sweet Child OMine,false,true,true,true
Guus Meeuwis & Vagant,Het Is Een Nacht (Levensecht),false,true,true,true
Gym Class Heroes feat. Adam Levine,Stereo Hearts,false,true,true,true
Haddaway,What is love,false,true,true,true
Hailee Steinfeld & Grey feat. Zedd,Starving,false,true,true,true
Hailee Steinfeld,Love Myself,false,true,true,true
Hailee Steinfeld feat. DNCE,Rock Bottom,false,true,true,true
Halsey,Bad at Love,false,true,true,true
Halsey,Graveyard,false,true,true,true
Halsey,Nightmare,false,true,true,true
Halsey,Without Me,false,true,true,true
Halsey,You Should Be Sad,false,true,true,true
Harry Styles,Sign of the Times,false,true,true,true
Het Jungle Boek,Als je van beren leren kan,false,true,true,true
High School Musical,Bop to the Top,false,true,true,true
High School Musical,Breaking Free,false,true,true,true
High School Musical,Get'cha Head in the Game,false,true,true,true
High School Musical,Start of Something New,false,true,true,true
High School Musical,Stick To The Status Quo,false,true,true,true
High School Musical,We're All In This Together,false,true,true,true
High School Musical,What I've been looking for,false,true,true,true
High School Musical,When There Was Me And You,false,true,true,true
High School Musical 2,All For One,false,true,true,true
High School Musical 2,Bet On It,false,true,true,true
High School Musical 2,Everyday,false,true,true,true
High School Musical 2,Fabulous,false,true,true,true
High School Musical 2,Gotta Go My Own Way,false,true,true,true
High School Musical 2,I Don't Dance,false,true,true,true
High School Musical 2,What Time Is It?,false,true,true,true
High School Musical 2,Work This Out,false,true,true,true
High School Musical 2,You Are the Music in Me,false,true,true,true
High School Musical 3,A Night To Remember,false,true,true,true
High School Musical 3,Can I Have This Dance?,false,true,true,true
High School Musical 3,High School Musical,false,true,true,true
High School Musical 3,I Want It All,false,true,true,true
High School Musical 3,Just Wanna Be With You,false,true,true,true
High School Musical 3,Now Or Never,false,true,true,true
High School Musical 3,"Right Here, Right Now",false,true,true,true
High School Musical 3,Scream,false,true,true,true
High School Musical 3,The Boys Are Back,false,true,true,true
High School Musical 3,Walk Away,false,true,true,true
High School Musical The Musical The Series,Born to Be Brave,false,true,true,true
How I Met Your Mother,Nothing Suits Me Like A Suit,false,true,true,true
Icona Pop & Charli XCX,I Love It,false,true,true,true
Iggy Azalea feat. Charli XCX,Fancy,false,true,true,true
Iggy Azalea feat. Rita Ora,Black Widow,false,true,true,true
Imagine Dragons,Bad Liar,false,true,true,true
Imagine Dragons,Believer,false,true,true,true
Imagine Dragons,Birds,false,true,true,true
Imagine Dragons,Demons,false,true,true,true
Imagine Dragons,Follow You,false,true,true,true
Imagine Dragons,On Top Of The World,false,true,true,true
Imagine Dragons,Radioactive,false,true,true,true
Imagine Dragons,Thunder,false,true,true,true
Imagine Dragons,Whatever It Takes,false,true,true,true
Imagine Dragons,Wrecked,false,true,true,true
Imagine Dragons x JID,Enemy,false,true,true,true
Imany,Don't Be So Shy (Filatov & Karas Remix),false,true,true,true
James Bay,Hold Back The River,false,true,true,true
James Blunt,Bonfire Heart,false,true,true,true
James Blunt,Carry You Home,false,true,true,true
James Blunt,I'll Be Your Man,false,true,true,true
James Blunt,Wise Men (Karaoke),false,true,true,true
James Blunt,You're Beautiful,false,true,true,true
Jason Derulo & Jawsh 685,Savage Love,false,true,true,true
Jason Derulo & Nuka,Love Not War (The Tampa Beat),false,true,true,true
Jason Derulo,Take You Dancing,false,true,true,true
Jason Derulo,Want To Want Me,false,true,true,true
Jason Mraz,I Won't Give Up,false,true,true,true
Jason Mraz,I'm yours,false,true,true,true
Jason Mraz,Make It Mine,false,true,true,true
Jason Mraz ft. Colbie Caillat,Lucky,false,true,true,true
Jennifer Lopez & Pitbull,On The Floor,false,true,true,true
Jessie J,Nobody's Perfect,false,true,true,true
Jessie J,Price Tag,false,true,true,true
Jessie J feat. Ariana Grande & Nicki Minaj,Bang Bang,false,true,true,true
Joel Corry x MNEK,Head & Heart,false,true,true,true
John Legend,All of Me,false,true,true,true
John Lennon,Imagine,false,true,true,true
Juice WRLD,Lucid Dreams,false,true,true,true
Julia Michaels,Issues,false,true,true,true
Justin Bieber & Benny Blanco,Lonely,false,true,true,true
Justin Bieber & Jaden Smith,Never Say Never,false,true,true,true
Justin Bieber & Ludacris,Baby,false,true,true,true
Justin Bieber & Usher,Somebody To Love,false,true,true,true
Justin Bieber,Anyone [Video Version],false,true,true,true
Justin Bieber,Ghost,false,true,true,true
Justin Bieber,Sorry,false,true,true,true
Justin Bieber,What Do You Mean?,false,true,true,true
Justin Bieber ft Usher,Somebody to love,false,true,true,true
Justin Bieber ft. Luis Fonsi & Daddy Yankee,Despacito,false,true,true,true
Justin Timberlake,Mirrors,false,true,true,true
Justin Wellington feat. Small Jam,Iko Iko (My Bestie),false,true,true,true
K3,10.000 Luchtballonnen,false,true,true,true
K3,Alle Kleuren,false,true,true,true
K3,Kuma He,false,true,true,true
K3,Kusjesdag,false,true,true,true
K3,MamaSe,false,true,true,true
K3,Oya Lele,false,true,true,true
K3,Toveren,false,true,true,true
K3,Ya Ya Yippee,false,true,true,true
Kana,Plantation,false,true,true,true
Katy Perry,Dark Horse,false,true,true,true
Katy Perry,Electric,false,true,true,true
Katy Perry,Firework,false,true,true,true
Katy Perry,Hot N Cold,false,true,true,true
Katy Perry,I Kissed A Girl,false,true,true,true
Katy Perry,Last Friday Night,false,true,true,true
Katy Perry,Part Of Me,false,true,true,true
Katy Perry,Rise,false,true,true,true
Katy Perry,Roar,false,true,true,true
Katy Perry,Roar (Jungleversion),false,true,true,true
Katy Perry,Teenage Dream,false,true,true,true
Katy Perry,The One That Got Away,false,true,true,true
Katy Perry,Waking Up In Vegas,false,true,true,true
Katy Perry,Wide Awake,false,true,true,true
Katy Perry feat. Juicy J,Dark Horse,false,true,true,true
Katy Perry feat. Skip Marley,Chained To The Rhythm,false,true,true,true
Katy Perry feat. Snoop Dogg,California Gurls,false,true,true,true
Katy Perry ft. Kanye West,E.T.,false,true,true,true
Ke$ha,Tik Tok,false,true,true,true
Keane,Everybody's Changing,false,true,true,true
Kelly Clarkson,Since U Been Gone,false,true,true,true
Kelly Clarkson,Stronger (What Doesn't Kill You),false,true,true,true
Khalid & Normani,Love Lies,true,true,true,true
Khalid & Normani,Love Lies,false,true,true,true
Kinderen Voor Kinderen,Op Een Onbewoond Eiland,false,true,true,true
Kodaline,All I Want,false,true,true,true
Kygo & Imagine Dragons,Born To Be Yours,false,true,true,true
"Kygo, Tina Turner",What's Love Got To Do With It,false,true,true,true
Kygo feat. Justin Jesso,Stargazing,false,true,true,true
Lady Gaga & Ariana Grande,Rain On Me,false,true,true,true
Lady GaGa,Alejandro,false,true,true,true
Lady Gaga,Always Remember Us This Way,false,true,true,true
Lady GaGa,Bad Romance,false,true,true,true
Lady GaGa,Born This Way,false,true,true,true
Lady Gaga,Dance in the dark,false,true,true,true
Lady GaGa,"Eh, Eh (Nothing Else I Can Say)",false,true,true,true
Lady Gaga,Fashion,false,true,true,true
Lady GaGa,Judas,false,true,true,true
Lady GaGa,LoveGame,false,true,true,true
Lady GaGa,Paparazzi,false,true,true,true
Lady Gaga,Poker Face,false,true,true,true
Lady GaGa,So Happy I Could Die,false,true,true,true
Lady Gaga,The Cure,false,true,true,true
Lady GaGa,You And I,false,true,true,true
Lady GaGa feat. Beyonce,Telephone,true,true,true,true
Lady GaGa feat. Beyonce,Telephone,false,true,true,true
Lady GaGa feat. Colby O'Donis,Just Dance,false,true,true,true
"Lady Gaga, Bradley Cooper",Shallow,false,true,true,true
Lana Del Rey,Radio,false,true,true,true
Lil Nas X feat. Miley Cyrus,Am I Dreaming,false,true,true,true
Lilly Wood & The Prick and Robin Schulz,Prayer in C,false,true,true,true
Linkin Park,Breaking the Habit,false,true,true,true
Linkin Park,Crawling,false,true,true,true
Linkin Park,Crawling (Duet),false,true,true,true
Linkin Park,In The End,false,true,true,true
Linkin Park,Leave Out All The Rest,false,true,true,true
Linkin Park,Numb,false,true,true,true
Linkin Park,One More Light,false,true,true,true
Linkin Park,What I've done,false,true,true,true
Little Mix,Black Magic,false,true,true,true
Little Mix,Shout Out To My Ex,false,true,true,true
Little Mix,Sweet Melody,false,true,true,true
Little Mix,Think About Us,false,true,true,true
Little Mix feat. Jason Derulo,Secret Love Song,false,true,true,true
Little Mix feat. Machine Gun Kelly,No More Sad Songs (Video Version),false,true,true,true
Little Mix Ft. Saweetie,Confetti,false,true,true,true
LMFAO,Sexy and I Know It,false,true,true,true
"LMFAO, Lauren Bennett & Goon Rock",Party Rock Anthem,false,true,true,true
Lost Frequencies & Mathieu Koss,Don't Leave Me Now,false,true,true,true
Lost Frequencies & Zonderling,Crazy,false,true,true,true
Lost Frequencies,Are You With Me,false,true,true,true
Lost Frequencies ft. Sandro Cavazza,Beautiful Life,false,true,true,true
Lou Bega,Mambo No. 5,false,true,true,true
Lukas Graham,7 Years,false,true,true,true
Lykke Li,I Follow Rivers [Video Version],false,true,true,true
Machine Gun Kelly & Camila Cabello,Bad Things,false,true,true,true
Machine Gun Kelly,bloody valentine,false,true,true,true
Machine Gun Kelly,kiss kiss,false,true,true,true
Macklemore & Ryan Lewis Feat Wanz,Thrift Shop,false,true,true,true
Madcon,Dont Worry,false,true,true,true
Madonna,Hung Up,false,true,true,true
Madonna,Like a Virgin,false,true,true,true
Madonna,Ray Of Light,false,true,true,true
Magic!,Rude,false,true,true,true
Major Lazer feat. Justin Bieber & M,Cold Water,false,true,true,true
Marc Cohn,Walking In Memphis,false,true,true,true
Marco Borsato,De Bestemming,false,true,true,true
Marco Borsato,Dromen Zijn Bedrog,false,true,true,true
Marco Borsato,Ik Leef Niet Meer Voor Jou,false,true,true,true
Marco Borsato,Je Hoeft Niet Naar Huis Vannacht,false,true,true,true
Marco Borsato,Onbewoonbaar Verklaard,false,true,true,true
Marco Borsato,Rood,false,true,true,true
Mark Ronson feat. Miley Cyrus,Nothing Breaks Like A Heart,false,true,true,true
Mark Ronson Ft. Bruno Mars,Uptown Funk,false,true,true,true
Maroon 5,Animals,false,true,true,true
Maroon 5,Girls Like You ft. Cardi B,false,true,true,true
Maroon 5,Maps,false,true,true,true
Maroon 5,She Will Be Loved,false,true,true,true
Maroon 5,Sugar,false,true,true,true
Maroon 5,This Love,false,true,true,true
Maroon 5 feat. Christina Aguilera,Moves Like Jagger,true,true,true,true
Maroon 5 feat. Christina Aguilera,Moves Like Jagger,false,true,true,true
Maroon 5 feat. SZA,What Lovers Do,false,true,true,true
Maroon 5 Feat. Wiz Khalifa,Payphone,false,true,true,true
Marshmello & Anne-Marie,FRIENDS,false,true,true,true
Mart Hoogkamer,Ik Ga Zwemmen,false,true,true,true
Martin Garrix & Bebe Rexha,In The Name Of Love,false,true,true,true
Martin Garrix & Dua Lipa,Scared To Be Lonely,false,true,true,true
Martin Garrix feat. Bono & The Edge,We Are the People,false,true,true,true
Martin Garrix feat. Usher,Dont Look Down,false,true,true,true
Master Kg Ft. Nomcebo,Jerusalema,false,true,true,true
Meduza & Dermot Kennedy,Paradise,false,true,true,true
Mega Mindy,Mega Mindy Tijd,false,true,true,true
Men at Work,Down Under,false,true,true,true
Metallica,Enter Sandman,false,true,true,true
Metallica,Nothing Else Matters,false,true,true,true
Metallica,Seek and destroy,false,true,true,true
Michael Buble,Everything,false,true,true,true
Michael Buble,Havent Met You Yet,false,true,true,true
Michael Buble,Save The Last Dance For Me,false,true,true,true
Michael Jackson,Bad,false,true,true,true
Michael Jackson,Beat It,false,true,true,true
Michael Jackson,Billie Jean,false,true,true,true
Michael Jackson,Black or white,false,true,true,true
Michael Jackson,Smooth Criminal,false,true,true,true
Michael Jackson,This is it,false,true,true,true
Michael Jackson,Thriller,false,true,true,true
Mike Posner,Cooler Than Me,false,true,true,true
Miley Cyrus,Adore You,false,true,true,true
Miley Cyrus,Cant Be Tamed,false,true,true,true
Miley Cyrus,Every Rose Has Its Thorn,false,true,true,true
Miley Cyrus,Jolene,false,true,true,true
Miley Cyrus,Malibu,false,true,true,true
Miley Cyrus,Midnight Sky,false,true,true,true
Miley Cyrus,Party In The U.S.A.,false,true,true,true
Miley Cyrus,Prisoner (feat. Dua Lipa),false,true,true,true
Miley Cyrus,See You Again,false,true,true,true
Miley Cyrus,The Climb,false,true,true,true
Miley Cyrus,We Can't Stop,false,true,true,true
Miley Cyrus,When I Look At You,false,true,true,true
Miley Cyrus,Who Owns My Heart,false,true,true,true
Miley Cyrus,Wrecking Ball,false,true,true,true
Miley Cyrus ft. Billy Ray Cyrus,Butterfly Fly Away,false,true,true,true
Milow,Ayo Technology,false,true,true,true
Milow,Howling At The Moon,false,true,true,true
Milow,You And Me (In My Pocket),false,true,true,true
Milow,You Don't Know,false,true,true,true
Mumford and Sons,Little Lion Man,false,true,true,true
Natalia vs Lady Gaga,Pokkenteef,false,true,true,true
Nathan Evans,Wellerman,false,true,true,true
Nena,99 Luftballons,false,true,true,true
Nickelback,How You Remind Me,false,true,true,true
Nicki Minaj,Starships,false,true,true,true
Nico & Vinz,Am I Wrong,false,true,true,true
Nielson,Sexy als ik dans,false,true,true,true
Nirvana,Come As You Are,false,true,true,true
Nirvana,Lithium,false,true,true,true
Nirvana,Smells Like Teen Spirit,false,true,true,true
No Doubt,Don't speak,false,true,true,true
Noordkaap,Ik Hou Van U,false,true,true,true
Oasis,Wonderwall,false,true,true,true
Of Monsters and Men,Little Talks,false,true,true,true
Olivia Rodrigo & Joshua Bassett,"I Think I Kinda, You Know",false,true,true,true
Olivia Rodrigo,drivers license,false,true,true,true
Olivia Rodrigo,good 4 u,false,true,true,true
OMI,Cheerleader (Felix Jaehn Remix),false,true,true,true
Omi,Hula Hoop,false,true,true,true
One Direction,Best Song Ever,false,true,true,true
One Direction,Drag Me Down,false,true,true,true
One Direction,Story Of My Life,false,true,true,true
One Direction,What Makes You Beautiful,false,true,true,true
One Republic,Apologize,false,true,true,true
Onerepublic,Counting Stars,false,true,true,true
OneRepublic,If I Lose Myself,false,true,true,true
Owl City & Carly Rae Jepsen,Good Time,false,true,true,true
Owl City,Fireflies,false,true,true,true
Owl City,When can I see you again,false,true,true,true
P!NK & Willow Sage Hart,Cover Me In Sunshine,false,true,true,true
P!nk,A Million Dreams,false,true,true,true
P!nk,Beautiful Trauma,false,true,true,true
P!nk,Just Like Fire,false,true,true,true
P!nk,Raise Your Glass,false,true,true,true
P!nk,Walk Me Home,false,true,true,true
P!nk,What About Us,false,true,true,true
P!nk ft. Lily Allen,True Love,false,true,true,true
P!nk ft. Nate Ruess,Just Give Me A Reason [DUET],false,true,true,true
Papa Roach,Last Resort,false,true,true,true
Paramore,Aint It Fun,false,true,true,true
Paramore,Decode,false,true,true,true
Paramore,Emergency,false,true,true,true
Paramore,Hard Times,false,true,true,true
Passenger,Let Her Go,false,true,true,true
Paul Severs,Zeg 'ns Meisje,false,true,true,true
Peter De Koning,Het is altijd lente,false,true,true,true
Peter Koelewijn,Kom van dat dak af,false,true,true,true
Peter Pan,En Je Zweeft,false,true,true,true
Pharrell Williams,Happy,false,true,true,true
Piet Piraat,Storm Op Zee,false,true,true,true
Pitbull feat. Christina Aguilera,Feel this Moment,false,true,true,true
Pitbull feat. Ke$ha,Timber,false,true,true,true
"Pitbull feat. Ne-Yo, Afrojack & Nayer",Give Me Everything,false,true,true,true
Pitbull ft. Marc Anthony,Rain over me,false,true,true,true
Plain White T's,Hey There Delilah,false,true,true,true
"Post Malone, Swae Lee",Sunflower,false,true,true,true
Queen & David Bowie,Under Pressure,true,true,true,true
Queen & David Bowie,Under Pressure,false,true,true,true
Queen,Another One Bites the Dust,false,true,true,true
Queen,Bohemian Rhapsody,false,true,true,true
Queen,Don't Stop Me Now,false,true,true,true
Queen,I Want to Break Free,false,true,true,true
Queen,Radio Ga Ga,false,true,true,true
Queen,Somebody to Love,false,true,true,true
Queen,The Show Must Go On,false,true,true,true
Queen,We Are the Champions,false,true,true,true
Queen,We Will Rock You,false,true,true,true
R. City feat. Adam Levine,Locked Away,false,true,true,true
R.E.M.,Losing My Religion,false,true,true,true
Rachel Platten,Fight Song,false,true,true,true
Rammstein,Du Hast,false,true,true,true
Rammstein,Sonne,false,true,true,true
Ray Charles,Hit The Road Jack,false,true,true,true
Ray Parker jr.,Ghostbusters,false,true,true,true
Red Hot Chili Peppers,Red Hot Chili Peppers-Under The Bridge,false,true,true,true
Red Hot Chili Peppers,Snow (Hey oh),false,true,true,true
Red Hot Chili Peppers,Under the bridge,false,true,true,true
Rick Astley,Never Gonna Give You Up,false,true,true,true
Rihanna & Ne-Yo,Hate That I Love You,false,true,true,true
Rihanna,Cheers (Drink To That),false,true,true,true
Rihanna,Diamonds,false,true,true,true
Rihanna,Disturbia,false,true,true,true
Rihanna,Don't stop the music,false,true,true,true
Rihanna,Loud Medley (Brit Awards 2011),false,true,true,true
Rihanna,Only Girl (In The World),false,true,true,true
Rihanna,S&M,false,true,true,true
Rihanna,Shut Up And Drive,false,true,true,true
Rihanna,Umbrella,false,true,true,true
Rihanna,We Ride,false,true,true,true
Rihanna feat. Britney Spears,S&M (Remix),false,true,true,true
Rihanna feat. Jay-Z,Umbrella,false,true,true,true
Rihanna feat. Justin Timberlake,Rehab,false,true,true,true
Rihanna ft. Eminem,Love The Way You Lie (Part II),false,true,true,true
"Rihanna, Kanye West & Paul McCartney",FourFiveSeconds,false,true,true,true
Rise Against,Savior,false,true,true,true
Rita Ora,Anywhere,false,true,true,true
Rita Ora,Let You Love Me,false,true,true,true
Rita Ora,Your Song,false,true,true,true
Robbie Williams,Angels,false,true,true,true
Robbie Williams,Feel,false,true,true,true
Robin Schulz & David Guetta & Cheat Codes,Shed A Light,false,true,true,true
Robin Thicke feat. Pharrell Williams & T.I.,Blurred Lines,false,true,true,true
Roxette,Listen To Your Heart,false,true,true,true
Sam Gooris,Laat Het Gras Maar Groeien,false,true,true,true
Sam Smith,Diamonds,false,true,true,true
Sam Smith,Like I Can,false,true,true,true
Sam Smith,Too Good at Goodbyes,false,true,true,true
Samson & Gert,De Wereld Is Mooi,false,true,true,true
Shaggy,Boombastic,false,true,true,true
Shakira & Dizzee Rascal,Loca,false,true,true,true
Shakira & Pitbull,Rabiosa,false,true,true,true
Shakira,"Whenever, Wherever",false,true,true,true
Shakira feat. Wyclef Jean,Hips Dont Lie,false,true,true,true
Shakira ft. Freshlyground,Waka Waka (This Time for Africa),false,true,true,true
"Shawn Mendes, Camila Cabello",Se?orita,false,true,true,true
Shawn Mendes,In My Blood,false,true,true,true
Shawn Mendes,Stitches,false,true,true,true
Shawn Mendes,There's Nothing Holdin' Me Back,false,true,true,true
Shawn Mendes,Treat You Better,false,true,true,true
Shawn Mendes,Wonder,false,true,true,true
Sheppard,Geronimo,false,true,true,true
Sia,Big Girls Cry,false,true,true,true
Sia,Chandelier,false,true,true,true
Sia,Cheap Thrills,false,true,true,true
Sia,Snowman,false,true,true,true
Sigala Ft. Bryn Christopher,Sweet Lovin',false,true,true,true
Skrillex & Diplo feat. Justin Bieber,Where Are U Now,false,true,true,true
Snoop Dogg & Wiz Khalifa feat. Bruno Mars,Young Wild & Free,false,true,true,true
Snow Patrol,Chasing Cars,false,true,true,true
Spice Girls,Wannabe,false,true,true,true
Stromae,Alors on Danse,false,true,true,true
Stromae,L'enfer,false,true,true,true
Stromae,Papaoutai,false,true,true,true
Sum 41,War,false,true,true,true
Survivor,Eye Of The Tiger,false,true,true,true
System of a Down,Chop Suey!,false,true,true,true
T.A.T.u,All The Things She Said,false,true,true,true
Taio Cruz,Break Your Heart,false,true,true,true
Taio Cruz,Dynamite,false,true,true,true
Tarzan,Son Of Man,false,true,true,true
Tate Mcrae,You Broke Me First,false,true,true,true
Taylor Swift,22,false,true,true,true
Taylor Swift,All Too Well,false,true,true,true
Taylor Swift,Back To December,false,true,true,true
Taylor Swift,Begin Again,false,true,true,true
Taylor Swift,Better than Revenge,false,true,true,true
Taylor Swift,Blank Space,false,true,true,true
Taylor Swift,Change,false,true,true,true
Taylor Swift,Clean,false,true,true,true
Taylor Swift,Crazier,false,true,true,true
Taylor Swift,Enchanted,false,true,true,true
Taylor Swift,Fearless,false,true,true,true
Taylor Swift,Fifteen,false,true,true,true
Taylor Swift,Forever And Always,false,true,true,true
Taylor Swift,Haunted,false,true,true,true
Taylor Swift,Hey Stephen,false,true,true,true
Taylor Swift,How You Get the Girl,false,true,true,true
Taylor Swift,I Knew You Were Trouble,false,true,true,true
Taylor Swift,I Know Places,false,true,true,true
Taylor Swift,I'm Only Me When I'm With You,false,true,true,true
Taylor Swift,Last Kiss,false,true,true,true
Taylor Swift,Long Live,false,true,true,true
Taylor Swift,Look What You Made Me Do,false,true,true,true
Taylor Swift,Love Story,false,true,true,true
Taylor Swift,Lover,false,true,true,true
Taylor Swift,Mean,false,true,true,true
Taylor Swift,Mine,false,true,true,true
Taylor Swift,New Romantics,false,true,true,true
Taylor Swift,Our Song,false,true,true,true
Taylor Swift,Out of the Woods,false,true,true,true
Taylor Swift,Red,false,true,true,true
Taylor Swift,Safe and Sound [DUET],false,true,true,true
Taylor Swift,Shake It Off,false,true,true,true
Taylor Swift,Sparks Fly,false,true,true,true
Taylor Swift,Style,false,true,true,true
Taylor Swift,Teadrops on my Guitar,false,true,true,true
Taylor Swift,Tell Me Why,false,true,true,true
Taylor Swift,The Story of Us,false,true,true,true
Taylor Swift,We Are Never Ever Getting Back Together,false,true,true,true
Taylor Swift,White Horse,false,true,true,true
Taylor Swift,Wildest Dreams,false,true,true,true
Taylor Swift,Wonderland,false,true,true,true
Taylor Swift,You Belong With Me,false,true,true,true
Taylor Swift,You're Not Sorry,false,true,true,true
Taylor Swift and Ed Sheeran,Everything has changed [DUET],false,true,true,true
Taylor Swift feat. Brendon Urie,ME!,false,true,true,true
Taylor Swift feat. Kendrick Lamar,Bad Blood,false,true,true,true
The 1975,Chocolate,false,true,true,true
The Axis of awesome,4 chords,false,true,true,true
The Beatles,Help!,false,true,true,true
The Beatles,Here Comes The Sun,false,true,true,true
The Beatles,Hey Jude,false,true,true,true
The Beatles,Let It Be,false,true,true,true
The Beatles,Yellow Submarine,false,true,true,true
The Beatles,Yesterday,false,true,true,true
The Black Eyed Peas,Meet me halfway,false,true,true,true
The Black Eyed Peas,Pump It,false,true,true,true
The Chainsmokers feat. Daya,Don't Let Me Down,false,true,true,true
The Chainsmokers feat. Halsey,Closer,false,true,true,true
The Chainsmokers feat. ROZES,Roses,false,true,true,true
The Cranberries,Zombie,false,true,true,true
The Eagles,Hotel California,false,true,true,true
The Fray,How To Save A Life,false,true,true,true
The Greatest Showman,Rewrite The Stars,false,true,true,true
The Jungle Book,Bare Necessities,false,true,true,true
The Jungle Book,I Wanna Be Like You (Baloo),false,true,true,true
The Jungle Book,I Wanna Be Like You (Louis),false,true,true,true
"The Kid LAROI, Miley Cyrus",Without You,false,true,true,true
The Kid LAROI feat. Justin Bieber,Stay,false,true,true,true
The Kid LAROI feat. Justin Bieber,Stay [DUET],false,true,true,true
The Killers,Just Another Girl,false,true,true,true
The Killers,Mr. Brightside,false,true,true,true
The Killers,Somebody Told Me,false,true,true,true
The Lion King,Can you feel the love tonight,false,true,true,true
The Lion King,Circle Of Life (Backing),false,true,true,true
The Lion King,Circle Of Life (Lead),false,true,true,true
The Lion King,I Just Can't Wait To Be King,false,true,true,true
The Lion King,We Are One,false,true,true,true
The Lion King 2,He Lives In You,false,true,true,true
The Police,Every Breath You Take,false,true,true,true
The Police,Roxanne,false,true,true,true
The Rembrandts,Friends Theme Song - I'll Be There For You (Duet),false,true,true,true
The Strumbellas,Spirits,false,true,true,true
"The Vamps, Matoma",All Night,false,true,true,true
The Vamps feat. Demi Lovato,Somebody To You,false,true,true,true
The War on Drugs,Red Eyes,false,true,true,true
The Weeknd,Blinding Lights,false,true,true,true
The Weeknd,Call Out My Name,false,true,true,true
The Weeknd,In Your Eyes,false,true,true,true
The Weeknd,Save your tears,false,true,true,true
Tiesto Ft. Jonas Blue & Rita Ora,Ritual,false,true,true,true
Tom Waes,Dos cervezas,false,true,true,true
Tones and I,Dance Monkey,false,true,true,true
Toto,Africa,false,true,true,true
Toto,Hold The Line,false,true,true,true
Train,"Hey, Soul Sister",false,true,true,true
Travie McCoy feat. Bruno Mars,Billionarie,false,true,true,true
Twenty One Pilots,Heathens,false,true,true,true
Twenty One Pilots,House Of Gold,false,true,true,true
Twenty One Pilots,Ride,false,true,true,true
Twenty One Pilots,Stressed Out,false,true,true,true
U2,Angel of Harlem,false,true,true,true
U2,Lemon,false,true,true,true
U2,Stuck in a Moment You Can't Get out of,false,true,true,true
U2,With Or Without You,false,true,true,true
Usher feat. Pitbull,DJ Got Us Falling In Love Again,false,true,true,true
Village People,YMCA,false,true,true,true
Walk The Moon,Shut Up And Dance,false,true,true,true
Wham!,Last Christmas,false,true,true,true
Wham!,Wake Me Up Before You Go-Go,false,true,true,true
Wham!,Wake Me Up Before You Go-go,false,false,false,true
Wheatus,Teenage Dirtbag,false,true,true,true
Whitney Houston,I Will Always Love You,false,true,true,true
WILLOW feat. Travis Barker,Transparent Soul,false,true,true,true
Wim Soutaer,Allemaal,false,true,true,true
Wiz Khalifa feat. Charlie Puth,See You Again,false,true,true,true
Years & Years,King,false,true,true,true
Years & Years,Shine,false,true,true,true
Ylvis,The fox,false,true,true,true
YUNGBLUD,"I Love You, Will You Marry Me",false,true,true,true
YUNGBLUD,Parents,false,true,true,true
Zara Larsson,Lush Life,false,true,true,true
Zara Larsson feat. MNEK,Never Forget You,false,true,true,true
Zayn & Taylor Swift,I Don't Wanna Live Forever (Fifty Shades Darker),false,true,true,true
Zedd & Alessia Cara,Stay,false,true,true,true
Zedd feat. Hayley Williams,Stay the Night,false,true,true,true
Zoe Wees,Control,false,true,true,true
